file,section,line,item_type,metric_name,current_text,expected_canonical,status,action,rationale,continuation_status,edit_references
publications/active/ipsci-2026/submissions/v3-revision/manuscript-v3.md,Deployment Challenges and Limitations,504,number,hardware price ceiling,"Four deployment challenges are anticipated in the target context. **Connectivity.** The architecture is designed offline-first: the governance classifier f(E) and reasoning engine RS(S) must operate without real-time API access. Environmental data may be pre-cached or sourced from local sensors. The fail-safe rule — if any component resolves to ⊥, f(E) = UNSAFE — ensures graceful degradation when a data feed is unavailable; the system defaults to the most restrictive governance state rather than failing open. This is a **derived corollary** of operational totality (Theorem C.1b), not a separate pre-condition check: ⊥ classifies UNSAFE and UNSAFE is maximal under the severity order, so the fail-safe follows from the aggregation rule itself. A permanently unavailable data source is treated differently — as a **declared scope exclusion** rather than a continuous fault — because treating it as a fault would classify every hour UNSAFE and make the system unusable. **Hardware constraints.** The target deployment hardware is commodity smartphones or low-cost single-board computers (under USD 50). The O(1) governance layer and O(n) rule engine both execute without GPU or cloud compute, and the storage footprint for RS(SAFE) and RS(CAUTION) is minimal. **Threshold maintenance.** Classification thresholds (g_w, g_o, and others) are anchored to MET Malaysia published criteria. As climate patterns shift or MET Malaysia revises its warning thresholds, the gᵢ definitions and corresponding RS(S) must be recalibrated. Any recalibration must preserve the containment property A_AI(SAFE) ⊃ A_AI(CAUTION) ⊃ A_AI(UNSAFE) = ∅, which is a structural constraint on the recalibration process rather than a property of the thresholds themselves. **Mode-chattering.** At classification boundaries, rapid oscillation of S would in principle produce unstable advisory output, and dual-threshold hysteresis is the standard mitigation: a transition from SAFE to CAUTION requires exceedance of the upper threshold, and the return transition requires recovery below a lower one. **Measured against five years of hourly environmental data at the deployment site, this concern is not borne out.** Of 5,416 state transitions, 95.8% are scheduled clock events at the time-of-day boundaries; only 227 are condition-driven, and genuine A→B→A round trips within three hours number 70 across the whole period — fourteen per year. Adding dual-threshold hysteresis with a 10% return margin reduces condition-driven transitions by 6.2%. Hysteresis is therefore retained as a low-cost precaution rather than a demonstrated necessity. This result is bounded by the hourly resolution of the data: sub-hourly oscillation is invisible to it, and a deployment sampling at minute scale could reach a different conclusion.",No canonical price/requirement artefact located. A dated bill of materials or explicit canonical budget assumption is needed.,UNSUPPORTED,flagged,SC-3 stop: repetitions in the submitted v2.5 paper and supervisor response are not canonical provenance. No replacement value selected.,RESOLVED — Outcome C; parenthesis removed in 8c2e836,"[{""file"": ""publications/active/ipsci-2026/submissions/v3-revision/manuscript-v3.md"", ""before"": ""Of 5,416 state transitions, 95.8% are scheduled clock events at the time-of-day boundaries; only 227 are condition-driven, and genuine A→B→A round trips within three hours number 70 across the whole period — fourteen per year. Adding dual-threshold hysteresis with a 10% return margin reduces condition-driven transitions by 6.2%."", ""after"": ""Of 3,661 state transitions, 3,439 (93.9%) occur at hourly steps where g_t changes and are classified as scheduled; the remaining 222 are non-scheduled. This coincidence criterion does not establish that time is the sole driver. Genuine non-scheduled A→B→A round trips within three hours number 26 across 2020–2024 — approximately 5.2 per year. Dual-threshold hysteresis with a 10% return margin reduces non-scheduled transitions from 222 to 199 (10.36%)."", ""canonical_source"": ""docs/canonical/report-c8-migration-2026-09-08.md; data/c8/canonical-results-post-migration.txt; data/c5/c5-three-stage-deltas.json"", ""occurrences"": 1}, {""file"": ""publications/active/ipsci-2026/submissions/v3-revision/manuscript-v3.md"", ""before"": ""if any component resolves to ⊥, f(E) = UNSAFE"", ""after"": ""if any required non-excluded component resolves to ⊥, F_{D,τ} = UNSAFE"", ""canonical_source"": ""docs/canonical/appendix-c-formalisation.md C.1b"", ""occurrences"": 1}, {""file"": ""publications/active/ipsci-2026/submissions/v3-revision/manuscript-v3.md"", ""before"": ""Classification thresholds (g_w, g_o, and others) are anchored to MET Malaysia published criteria."", ""after"": ""Threshold provenance differs by component: MET wind/warning criteria, JPS/DID and MET rainfall bands, vessel-specific wave evidence and conservative interpolation, and a nighttime architecture policy."", ""canonical_source"": ""docs/canonical/appendix-c-formalisation.md C.2/C.9"", ""occurrences"": 1}]"
publications/active/ipsci-2026/supervisor-feedback-response.md,Point 7 — Expand discussion on deployment challenges and limitations,204,number,hardware price ceiling,**Hardware constraints.** Target deployment: commodity smartphones or low-cost single-board computers (< $50). O(1) governance layer and O(n) rule engine both execute without GPU. Storage footprint for RS(SAFE) and RS(CAUTION) is minimal.,Same unresolved provenance as manuscript-v3.md:504,UNSUPPORTED,flagged,Supporting repetition; does not establish cost or a canonical requirement.,RESOLVED — Outcome C; parenthesis removed in 8c2e836,[]
publications/active/ipsci-2026/submissions/v3-revision/manuscript-v3.md,Preamble,83,number,abstract headline and prediction outcomes,"*Abstract--- How should AI advisory behaviour adapt as operational conditions deteriorate? Existing governance mechanisms are uniformly binary, meaning that the AI either generates its full recommendation set or is blocked entirely. This paper explores the available literature for the areas of AI governance, runtime assurance, human-AI collaboration, and deployment in low-resource settings, identifying how existing architectures limit the scope of AI advisory as environmental risk increases and providing motivation for a new governance architecture. Mechanistic studies show that there are three limitations: the inference pipeline is structurally fixed, the exploration of reasoning is a property of the decoding procedure and not a content-conditioned adaptation, and self-assessed confidence is unreliable and insensitive to past performance. Large-scale systematic reviews revealed that no architectural tactic demonstrated a formally positive impact on safety, while the most detailed guardrail taxonomy did not include a mechanism for restricting advisory scope based on environmental risk. Binary governance thus leaves intermediate-risk conditions structurally unaddressed: operators in low-resource settings either get full-scope tactical recommendations, or they do not get any. To address this gap, we propose a graduated safety-state-gated architecture, in which a participation gate and an AI advisory gate, both conditioned on the environmental safety state, produce an intermediate caution mode with formally restricted advisory scope. Three properties are proved: totality of the classifier, monotonic contraction of advisory scope, and safety dominance by construction. The architecture is instantiated for small-scale coastal fisheries and its governance layer executed against five years of hourly environmental data for the deployment site. The caution mode binds in 7.7% of departure-window hours for the operative vessel class over the full five-year record, and 6.0% when the wave input is replaced by a higher-resolution model covering a shorter period — conditions under which a binary architecture supplies its full recommendation set and this architecture withholds tactical output. Against the same record, a traffic-light baseline built on the closest structural precedent in the reviewed literature is shown to be output-equivalent to a plain binary gate, diverging from it in 0.00% of hours, which establishes the governance gap as a measurement rather than a claim. Predictions were pre-registered with numeric bounds before each analysis; twenty-two of twenty-four were confirmed and two refuted. Two predictions were additionally re-resolved when threshold provenance audits changed the specification they had been scored against — in one case reversing a refutation into a confirmation, in the other the reverse. Because no incident record exists for the site, the evaluation is a characterisation of governance behaviour and not a validation of classification correctness.*",5.81% / 4.48%; 15 confirmed / 9 refuted; 3 SDR-001 flips and 4 earlier corrections. C-8 §§7–13.,STALE,flagged,Current abstract says 7.7% / 6.0% and 22/2; not corrected because the audit stopped.,CORRECTED — see exact replacements in edit-log.json,"[{""file"": ""publications/active/ipsci-2026/submissions/v3-revision/manuscript-v3.md"", ""before"": ""The caution mode binds in 7.7% of departure-window hours"", ""after"": ""The caution mode binds in 5.81% of departure-window hours"", ""canonical_source"": ""docs/canonical/report-c8-migration-2026-09-08.md; data/c8/canonical-results-post-migration.txt"", ""occurrences"": 1}, {""file"": ""publications/active/ipsci-2026/submissions/v3-revision/manuscript-v3.md"", ""before"": ""and 6.0% when the wave input"", ""after"": ""and 4.48% when the wave input"", ""canonical_source"": ""docs/canonical/report-c8-migration-2026-09-08.md; data/c8/canonical-results-post-migration.txt"", ""occurrences"": 1}, {""file"": ""publications/active/ipsci-2026/submissions/v3-revision/manuscript-v3.md"", ""before"": ""twenty-two of twenty-four were confirmed and two refuted. Two predictions were additionally re-resolved when threshold provenance audits changed the specification they had been scored against — in one case reversing a refutation into a confirmation, in the other the reverse."", ""after"": ""fifteen of twenty-four are confirmed and nine refuted under the canonical specification. Of seven status changes across the migration history, three follow from the time-classifier decision and four had already been refuted by earlier threshold and data corrections; registered predictions and bounds were preserved."", ""canonical_source"": ""docs/canonical/report-c8-migration-2026-09-08.md; data/c8/canonical-results-post-migration.txt"", ""occurrences"": 1}, {""file"": ""publications/active/ipsci-2026/submissions/v3-revision/manuscript-v3.md"", ""before"": ""a binary architecture supplies its full recommendation set"", ""after"": ""the instantiated binary baseline permits its full recommendation set"", ""canonical_source"": ""docs/canonical/appendix-c-formalisation.md"", ""occurrences"": 1}]"
publications/active/ipsci-2026/submissions/v3-revision/manuscript-v3.md,Empirical Characterisation,440,number,"prediction outcomes, Methods","**Method.** Environmental data are drawn from the ERA5 reanalysis archive at the grid cell nearest the deployment site, selected over water rather than land — a distinction that materially affects surface wind and is returned to below. Two configurations are reported throughout, because the wave input proved to be resolution-sensitive and reporting a single figure would conceal that. The **primary** configuration covers the full five years (2020–2024, 43,848 hourly records) with wave height from ERA5-Ocean at approximately 50 km. The **resolution** configuration substitutes the MeteoFrance MFWAM model at approximately 8 km, which is available only from October 2021 and therefore covers 3.25 years (28,501 hours). Neither is presented as the single correct answer: the primary configuration buys record length, the resolution configuration buys spatial fidelity, and the difference between them is itself reported as a result. Predictions were registered before each analysis was run, in machine-comparable form with numeric bounds, so that confirmation or refutation is checked rather than narrated. Twenty-four predictions were registered; twenty-three were confirmed and one refuted.","data/prediction-register.csv: 24 entries, 15 CONFIRMED / 9 REFUTED",STALE,flagged,Known issue A confirmed; remains unedited after stop.,CORRECTED — see exact replacements in edit-log.json,"[{""file"": ""publications/active/ipsci-2026/submissions/v3-revision/manuscript-v3.md"", ""before"": ""Twenty-four predictions were registered; twenty-three were confirmed and one refuted."", ""after"": ""Twenty-four predictions were registered; fifteen are confirmed and nine refuted under the canonical specification. Re-resolution preserved the registered text, bounds and original scope rather than adjusting predictions to observed results."", ""canonical_source"": ""docs/canonical/report-c8-migration-2026-09-08.md; data/c8/canonical-results-post-migration.txt"", ""occurrences"": 1}]"
publications/active/ipsci-2026/submissions/v3-revision/manuscript-v3.md,Domain Instantiation,383,number,prototype hysteresis,"The architecture is being developed as a formally specified prototype for AI departure decision support in small-scale coastal fisheries in Malaysia (Kota Kinabalu, Sabah). *E* = {*w, r, m, o, v, t*} where *w* is wind speed (sustained, knots), *r* is rainfall intensity in mm/hr, *m* is marine warning level, *o* is ocean state (significant wave height), *v* is vessel category by gross registered tonnage and *t* is time of day. Thresholds for *w*, *r* and *m* are anchored to MET Malaysia published warning criteria; the vessel-conditional rows of *g*_o draw on seakeeping analysis of Malaysian hulls and a length-dependent capsizing formula derived from a 23-year Korean accident record. The deployment population operates vessels below 40 GRT, so the small-vessel row of TABLE IIIb is the operative case. The Symbolic AI Reasoning Engine enforces the Safety Dominance Property by construction, satisfying the offline-first and computationally lightweight requirements of the low-resource deployment context. A dual-threshold hysteresis smoothing layer over the discrete state transitions is available at the deployment floor, drawing on the runtime-gating stability of Ghaleb et al. [24], to damp mode-chattering at the classification boundaries of *S* = *f*(*E*). Measured on five years of site data, however, chattering occurs approximately fourteen times per year and hysteresis reduces condition-driven transitions by 6.2%; the layer is retained as a precaution rather than a demonstrated requirement.",C-8 §9: 26 oscillations / 5 yr = 5.2 per year; 10.36% reduction in non-scheduled transitions,STALE,flagged,Prototype still says approximately fourteen per year and 6.2%; known issue B.,CORRECTED — see exact replacements in edit-log.json,"[{""file"": ""publications/active/ipsci-2026/submissions/v3-revision/manuscript-v3.md"", ""before"": ""chattering occurs approximately fourteen times per year and hysteresis reduces condition-driven transitions by 6.2%"", ""after"": ""26 oscillations occur over 2020–2024 (approximately 5.2 per year) and hysteresis reduces non-scheduled transitions by 10.36%"", ""canonical_source"": ""docs/canonical/report-c8-migration-2026-09-08.md; data/c8/canonical-results-post-migration.txt"", ""occurrences"": 1}, {""file"": ""publications/active/ipsci-2026/submissions/v3-revision/manuscript-v3.md"", ""before"": ""Thresholds for *w*, *r* and *m* are anchored to MET Malaysia published warning criteria;"", ""after"": ""Wind and marine-warning criteria draw on MET Malaysia; rainfall uses the JPS/DID 10.0 mm/hr lower boundary and the MET 20.0 mm/hr trigger;"", ""canonical_source"": ""docs/canonical/appendix-c-formalisation.md C.2"", ""occurrences"": 1}]"
publications/active/ipsci-2026/submissions/v3-revision/manuscript-v3.md,Deployment Challenges and Limitations,504,number,Deployment Challenges transition metrics,"Four deployment challenges are anticipated in the target context. **Connectivity.** The architecture is designed offline-first: the governance classifier f(E) and reasoning engine RS(S) must operate without real-time API access. Environmental data may be pre-cached or sourced from local sensors. The fail-safe rule — if any component resolves to ⊥, f(E) = UNSAFE — ensures graceful degradation when a data feed is unavailable; the system defaults to the most restrictive governance state rather than failing open. This is a **derived corollary** of operational totality (Theorem C.1b), not a separate pre-condition check: ⊥ classifies UNSAFE and UNSAFE is maximal under the severity order, so the fail-safe follows from the aggregation rule itself. A permanently unavailable data source is treated differently — as a **declared scope exclusion** rather than a continuous fault — because treating it as a fault would classify every hour UNSAFE and make the system unusable. **Hardware constraints.** The target deployment hardware is commodity smartphones or low-cost single-board computers (under USD 50). The O(1) governance layer and O(n) rule engine both execute without GPU or cloud compute, and the storage footprint for RS(SAFE) and RS(CAUTION) is minimal. **Threshold maintenance.** Classification thresholds (g_w, g_o, and others) are anchored to MET Malaysia published criteria. As climate patterns shift or MET Malaysia revises its warning thresholds, the gᵢ definitions and corresponding RS(S) must be recalibrated. Any recalibration must preserve the containment property A_AI(SAFE) ⊃ A_AI(CAUTION) ⊃ A_AI(UNSAFE) = ∅, which is a structural constraint on the recalibration process rather than a property of the thresholds themselves. **Mode-chattering.** At classification boundaries, rapid oscillation of S would in principle produce unstable advisory output, and dual-threshold hysteresis is the standard mitigation: a transition from SAFE to CAUTION requires exceedance of the upper threshold, and the return transition requires recovery below a lower one. **Measured against five years of hourly environmental data at the deployment site, this concern is not borne out.** Of 5,416 state transitions, 95.8% are scheduled clock events at the time-of-day boundaries; only 227 are condition-driven, and genuine A→B→A round trips within three hours number 70 across the whole period — fourteen per year. Adding dual-threshold hysteresis with a 10% return margin reduces condition-driven transitions by 6.2%. Hysteresis is therefore retained as a low-cost precaution rather than a demonstrated necessity. This result is bounded by the hourly resolution of the data: sub-hourly oscillation is invisible to it, and a deployment sampling at minute scale could reach a different conclusion.","C-8 §9: 3,661 total, 222 non-scheduled, 26 oscillations, 10.36% reduction",STALE,flagged,"Contains 5,416 / 95.8% / 227 / 70 / fourteen / 6.2%. No global numeric replacement is warranted; 95.8% needs its own metric mapping.",CORRECTED — see exact replacements in edit-log.json,"[{""file"": ""publications/active/ipsci-2026/submissions/v3-revision/manuscript-v3.md"", ""before"": ""Of 5,416 state transitions, 95.8% are scheduled clock events at the time-of-day boundaries; only 227 are condition-driven, and genuine A→B→A round trips within three hours number 70 across the whole period — fourteen per year. Adding dual-threshold hysteresis with a 10% return margin reduces condition-driven transitions by 6.2%."", ""after"": ""Of 3,661 state transitions, 3,439 (93.9%) occur at hourly steps where g_t changes and are classified as scheduled; the remaining 222 are non-scheduled. This coincidence criterion does not establish that time is the sole driver. Genuine non-scheduled A→B→A round trips within three hours number 26 across 2020–2024 — approximately 5.2 per year. Dual-threshold hysteresis with a 10% return margin reduces non-scheduled transitions from 222 to 199 (10.36%)."", ""canonical_source"": ""docs/canonical/report-c8-migration-2026-09-08.md; data/c8/canonical-results-post-migration.txt; data/c5/c5-three-stage-deltas.json"", ""occurrences"": 1}, {""file"": ""publications/active/ipsci-2026/submissions/v3-revision/manuscript-v3.md"", ""before"": ""if any component resolves to ⊥, f(E) = UNSAFE"", ""after"": ""if any required non-excluded component resolves to ⊥, F_{D,τ} = UNSAFE"", ""canonical_source"": ""docs/canonical/appendix-c-formalisation.md C.1b"", ""occurrences"": 1}, {""file"": ""publications/active/ipsci-2026/submissions/v3-revision/manuscript-v3.md"", ""before"": ""Classification thresholds (g_w, g_o, and others) are anchored to MET Malaysia published criteria."", ""after"": ""Threshold provenance differs by component: MET wind/warning criteria, JPS/DID and MET rainfall bands, vessel-specific wave evidence and conservative interpolation, and a nighttime architecture policy."", ""canonical_source"": ""docs/canonical/appendix-c-formalisation.md C.2/C.9"", ""occurrences"": 1}]"
publications/active/ipsci-2026/submissions/v3-revision/manuscript-v3.md,Empirical Characterisation,474,number,TABLE VII C0 divergence row,| **C0 ungated** | — | 24.64% | 24.64% | 32.36% |,C-8 output departure PRIMARY: 42.88% / 42.88% / 48.69%,STALE,flagged,24.64% / 24.64% / 32.36% retained in C0 row while reciprocal rows have current values; matrix is asymmetric.,CORRECTED — see exact replacements in edit-log.json,"[{""file"": ""publications/active/ipsci-2026/submissions/v3-revision/manuscript-v3.md"", ""before"": ""| **C0 ungated** | — | 24.64% | 24.64% | 32.36% |"", ""after"": ""| **C0 ungated** | — | 42.88% | 42.88% | 48.69% |"", ""canonical_source"": ""docs/canonical/report-c8-migration-2026-09-08.md; data/c8/canonical-results-post-migration.txt"", ""occurrences"": 1}]"
publications/active/ipsci-2026/submissions/v3-revision/manuscript-v3.md,Empirical Characterisation,470,number,TABLE VII denominator,"**TABLE VII.** Admissible-set divergence between conditions, departure window 05:00–09:00, small vessel, primary configuration (9,133 hours). The resolution configuration gives the same structure with Level 2 at 4.48%.","C-8 output: PRIMARY departure 05:00–09:00 n=9,135",STALE,flagged,"Caption says 9,133; historical F-15 had that denominator. Same window label is not enough to reuse an earlier sample count.",CORRECTED — see exact replacements in edit-log.json,"[{""file"": ""publications/active/ipsci-2026/submissions/v3-revision/manuscript-v3.md"", ""before"": ""primary configuration (9,133 hours)"", ""after"": ""primary configuration (9,135 hourly records; hours 05:00 through 09:00 inclusive)"", ""canonical_source"": ""docs/canonical/report-c8-migration-2026-09-08.md; data/c8/canonical-results-post-migration.txt"", ""occurrences"": 1}]"
publications/active/ipsci-2026/submissions/v3-revision/manuscript-v3.md,Empirical Characterisation,456,number,TABLE VI rainfall binding shares,| *g*_r (rainfall) | 1.55% / 2.99% | 0.19% / 0.24% | Binds |,"Current daylight CAUTION: 1.48% / 2.70%, empirical findings §0a; all-hours shares require separate C-8 mapping",STALE,flagged,Daylight row retains 1.55% / 2.99%. Do not substitute daylight percentages into all-hours columns.,CORRECTED — see exact replacements in edit-log.json,"[{""file"": ""publications/active/ipsci-2026/submissions/v3-revision/manuscript-v3.md"", ""before"": ""| *g*_r (rainfall) | 1.55% / 2.99% | 0.19% / 0.24% |"", ""after"": ""| *g*_r (rainfall) | 1.48% / 2.70% | 0.20% / 0.26% |"", ""canonical_source"": ""docs/canonical/report-c8-migration-2026-09-08.md; data/c8/canonical-results-post-migration.txt"", ""occurrences"": 1}]"
publications/active/ipsci-2026/submissions/v3-revision/manuscript-v3.md,Formal Properties,267,definition,totality theorem statement,"**Theorem 1 (Totality).** *For all E in its domain, f(E) is defined and returns exactly one element of* {SAFE, CAUTION, UNSAFE}.",docs/canonical/appendix-c-formalisation.md C.7 ideal and operational distinction,AMBIGUOUS,flagged,The following proof mixes superseded intervals and ideal/raw-fault treatment; statement and scope require joint review.,CORRECTED — ideal theorem plus explicit operational resolution extension,[]
publications/active/ipsci-2026/submissions/v3-revision/manuscript-v3.md,Formal Properties,269,definition,totality proof partitions,"*Proof sketch.* Each condition classification function partitions its input domain exhaustively and without overlap: g_w partitions ℝ≥0 into [0, 22], (22, 27], (27, +∞); g_r and g_m enumerate all categorical values without omission; g_t partitions [0, 24) into [6.0, 17.0), [17.0, 19.0), [19.0, 24.0) ∪ [0.0, 6.0). The wave height function g_o(o, v) is two-argument, with domain ℝ≥0 × {small, medium, big}: for each fixed v the corresponding row of TABLE IIIb induces three intervals partitioning ℝ≥0 exhaustively, and {small, medium, big} is finite and exhausts the domain of v, so every pair (o, v) selects exactly one row and falls in exactly one interval of that row. Parameterisation by a finite index set preserves totality provided each induced partition is exhaustive. Each function is therefore total. The aggregation f(E) = max_≻ {gᵢ(xᵢ)} over a finite totally ordered set is always defined and returns a unique maximum. The fail-safe rule — if any xᵢ = ⊥ then f(E) = UNSAFE — extends totality to corrupted or missing inputs. □",docs/canonical/appendix-c-formalisation.md C.2: wind 21.6; rainfall numeric 10/20; time binary solar-event; C.1b operational totality,STALE,flagged,"Proof still contains 22, categorical rainfall and fixed-clock twilight CAUTION.",CORRECTED — see exact replacements in edit-log.json,"[{""file"": ""publications/active/ipsci-2026/submissions/v3-revision/manuscript-v3.md"", ""before"": ""*Proof sketch.* Each condition classification function partitions its input domain exhaustively and without overlap: g_w partitions ℝ≥0 into [0, 22], (22, 27], (27, +∞); g_r and g_m enumerate all categorical values without omission; g_t partitions [0, 24) into [6.0, 17.0), [17.0, 19.0), [19.0, 24.0) ∪ [0.0, 6.0). The wave height function g_o(o, v) is two-argument, with domain ℝ≥0 × {small, medium, big}: for each fixed v the corresponding row of TABLE IIIb induces three intervals partitioning ℝ≥0 exhaustively, and {small, medium, big} is finite and exhausts the domain of v, so every pair (o, v) selects exactly one row and falls in exactly one interval of that row. Parameterisation by a finite index set preserves totality provided each induced partition is exhaustive. Each function is therefore total. The aggregation f(E) = max_≻ {gᵢ(xᵢ)} over a finite totally ordered set is always defined and returns a unique maximum. The fail-safe rule — if any xᵢ = ⊥ then f(E) = UNSAFE — extends totality to corrupted or missing inputs. □"", ""after"": ""*Proof sketch.* For valid inputs, g_w partitions ℝ≥0 into [0, 21.6], (21.6, 27.0], (27.0, +∞); the numeric rainfall-rate bands are [0, 10.0], (10.0, 20.0], (20.0, +∞), with the specified thunderstorm indication also mapping to UNSAFE where available. g_m covers {none, advisory, warning, alert}. For each configured vessel category, TABLE IIIb partitions the wave-height domain exhaustively. For a valid date and solar lookup, g_t returns SAFE on [sunrise(date), sunset(date)) and UNSAFE on its complement; it need not emit CAUTION. Each component has one output, so max-severity over the finite, non-empty ordered set has a unique maximum. For operational inputs, exclusions are resolved first and each required failed observation or time dependency maps to ⊥ and hence UNSAFE. This gives operational totality of F_{D,τ} = f ∘ ρ_{D,τ} under valid startup configuration; missing v or ill-formed D refuses startup rather than producing a classified state. □"", ""canonical_source"": ""docs/canonical/appendix-c-formalisation.md C.1/C.1b/C.2"", ""occurrences"": 1}]"
publications/active/ipsci-2026/submissions/v3-revision/manuscript-v3.md,Domain Instantiation,402,definition,Fig.4 illustrative time classification,[0600 - Early Morning],canonical_gt: time needs date; 06:00 SAFE not established by the illustration,STALE,flagged,Fig.4 labels 0600 SAFE with no date. A corrected illustration must provide valid canonical time context.,CORRECTED — see exact replacements in edit-log.json,"[{""file"": ""publications/active/ipsci-2026/submissions/v3-revision/manuscript-v3.md"", ""before"": ""[0600 - Early Morning]"", ""after"": ""[0700 - Early Morning, 2024-03-20]"", ""canonical_source"": ""docs/canonical/appendix-c-formalisation.md; data/solar/solar-events-daily.csv 2024-03-20"", ""occurrences"": 1}]"
publications/active/ipsci-2026/submissions/v3-revision/manuscript-v3.md,Domain Instantiation,431,definition,Fig.4 wind boundary, Note: wind at 18 kt is SAFE (CAUTION begins above 22 kt) — CAUTION at mid-morning is driven by the marine advisory,docs/canonical/appendix-c-formalisation.md C.2 g_w: CAUTION above 21.6 kn,STALE,flagged,Caption note still says above 22 kt.,CORRECTED — see exact replacements in edit-log.json,"[{""file"": ""publications/active/ipsci-2026/submissions/v3-revision/manuscript-v3.md"", ""before"": ""CAUTION begins above 22 kt"", ""after"": ""CAUTION begins above 21.6 kt"", ""canonical_source"": ""docs/canonical/appendix-c-formalisation.md g_w"", ""occurrences"": 1}]"
publications/active/ipsci-2026/submissions/v3-revision/manuscript-v3.md,Empirical Characterisation,485,number,interpretation headline,"**What these results do not establish.** No incident record exists for the deployment site — no accident reports, no capsizings, no near-misses against which classifications could be scored. This is a **characterisation, not a validation**: the results establish that the architecture would have restricted advisory scope on 7.7% of departure mornings, and not that those were the correct mornings to restrict. Establishing correctness would require outcome data that does not exist for this site, and no further environmental data collection can substitute for it. The formal guarantees in Section IV are unaffected, since they are proved from the structure of the governance pair rather than from threshold values; what remains unvalidated is the domain instantiation, not the architecture.",C-8 PRIMARY 5.81% / RESOLUTION 4.48% of departure-window hours,STALE,flagged,Current interpretation retains old rounded headline.,CORRECTED — see exact replacements in edit-log.json,"[{""file"": ""publications/active/ipsci-2026/submissions/v3-revision/manuscript-v3.md"", ""before"": ""restricted advisory scope on 7.7% of departure mornings"", ""after"": ""restricted advisory scope in 5.81% of PRIMARY departure-window hours (4.48% in RESOLUTION)"", ""canonical_source"": ""docs/canonical/report-c8-migration-2026-09-08.md; data/c8/canonical-results-post-migration.txt"", ""occurrences"": 1}, {""file"": ""publications/active/ipsci-2026/submissions/v3-revision/manuscript-v3.md"", ""before"": ""and not that those were the correct mornings to restrict"", ""after"": ""and not that those were the correct hours to restrict"", ""canonical_source"": ""docs/canonical/report-c8-migration-2026-09-08.md; data/c8/canonical-results-post-migration.txt"", ""occurrences"": 1}, {""file"": ""publications/active/ipsci-2026/submissions/v3-revision/manuscript-v3.md"", ""before"": ""**What these results do not establish.**"", ""after"": ""**Prediction provenance.** The SDR-001-attributable flips are P20, P23 and P24; P04, P09, P18 and P19 were already refuted after earlier corrections. P09 follows 5,416 → 5,220 (threshold) → 5,201 (data) → 3,661 (g_t), not a single Model B effect. P20 retains 1,529 under its registered 06:00–17:00 scope; the analogous RESOLUTION count under current astronomical daylight is 455. These are different scopes, not interchangeable metrics.\n\n**What these results do not establish.**"", ""canonical_source"": ""docs/canonical/report-c8-migration-2026-09-08.md §§11–14"", ""occurrences"": 1}]"
publications/active/ipsci-2026/submissions/v3-revision/manuscript-v3.md,Threats to Validity,516,claim,time transition consequence,"**A discontinuous governance boundary in the time classifier.** A fifth threat concerns the time component and is stated here because it bears directly on the graduated-governance claim this paper makes. The classifier is SAFE from sunrise to sunset and UNSAFE otherwise, with its boundary taken from COLREGs Rule 20(b) and its solar events computed per date from a frozen, version-pinned astronomical artefact validated against the U.S. Naval Observatory. **It transitions directly between SAFE and UNSAFE, with no intermediate value.** Over the five-year record, direct SAFE→UNSAFE transitions number **1,536**, against **2** under the fixed-clock classifier this replaced; time-driven SAFE→CAUTION transitions are **0**, against **1,545**. The architecture's central argument is that graduated governance is preferable to a binary step, and under this classifier the most predictable transition of the day *is* a step — so the tension is real and is disclosed rather than absorbed. Three qualifications bound it. First, the step follows from **removing an intermediate time band for which no evidence was found** — three reviews located no source supporting a twilight CAUTION state, and the fixed-clock boundaries it replaced (06:00 / 17:00 / 19:00) had no located source at all, with SAFE beginning before sunrise on every day of the year. It does not follow from any claim that conditions change discontinuously at sunset; nothing physical, meteorological or physiological is asserted to be discontinuous there. Second, the discontinuity is confined to the time component: **the architecture remains globally three-state**, with CAUTION reached through the wave and rainfall classifiers in 2,091 of 43,848 hours (4.77%), all weather-driven, and the containment property A_AI(SAFE) ⊃ A_AI(CAUTION) ⊃ A_AI(UNSAFE) = ∅ untouched. Third, the residual concern is a usability one — predictable withdrawal of advisory support at sunset may warrant anticipatory interface support, which is a notification concern separate from the safety-state classifier and is deliberately not addressed by inventing an intermediate state to smooth the transition. Finally, the governance rule itself is a **policy** choice: the evidence establishes that night navigation carries elevated risk and that COLREGs defines sunset-to-sunrise as the navigation-light boundary, but **no source establishes that AI advisory participation must be withdrawn at that boundary**, and none is claimed.","C-8: 2→1,536 direct SAFE→UNSAFE; 1,545→0 time-driven SAFE→CAUTION; no physical-risk inference",PASS,retained,Required design consequence and policy caveat already disclosed; does not imply entire Threats section passes.,RETAINED — prior verified passage / historical status,[]
publications/active/ipsci-2026/submissions/v3-revision/manuscript-v3.md,Deployment Challenges and Limitations,506,claim,human final authority,"Three limitations bound the scope of the claims. First, the recommendation type space R = {Go, Delay, DepartureTime, Duration} is domain-specific to the coastal fisheries departure decision context. Extension to another domain requires instantiating a new R and A_AI(S) appropriate to that domain's recommendation vocabulary; the formal properties (Totality, Monotonicity, Safety Dominance) transfer automatically to any correct instantiation. Second, the rule sets RS(SAFE) and RS(CAUTION) require domain expert validation. Encoding errors do not violate the Safety Dominance Property — the construction proof holds regardless of rule content — but they can produce incorrect advisory output within the permitted scope. The Safety Dominance Property bounds what the AI may say, not whether what it says is correct. Third, the architecture governs advisory scope, not final decisions. Human override is unconditional; the operator may act contrary to any AI recommendation at any time. Whether the CAUTION mode produces the intended effect — calibrated reliance rather than over-reliance or non-reliance — is an empirical question that the proposed user study (RQ5) is designed to address.",docs/canonical/appendix-c-formalisation.md C.8.2: unconditional human authority,PASS,retained,Explicitly retained even when AI withholds output.,RETAINED — prior verified passage / historical status,[]
publications/active/ipsci-2026/submissions/v3-revision/manuscript-v3.md,Empirical Characterisation,464,definition,retrospective marine-warning exclusion,"*g*_m is a different case. No historical archive of marine warning levels is available for the site, so *m* is held at *none* throughout the replay. Because aggregation is by maximum severity, *g*_m can only raise a classification, never lower one. **Every severity figure reported here is therefore a lower bound.**",docs/canonical/appendix-c-formalisation.md D={m} for historical replay; no archive; not runtime default,AMBIGUOUS,flagged,No-archive disclosure present; full exclusion/runtime distinction not completed before stop.,CORRECTED — see exact replacements in edit-log.json,"[{""file"": ""publications/active/ipsci-2026/submissions/v3-revision/manuscript-v3.md"", ""before"": ""so *m* is held at *none* throughout the replay."", ""after"": ""so the retrospective evaluation declares D = {m} and pins its contribution at SAFE (represented as none) throughout the replay. This scope exclusion does not direct a live deployment to ignore an available required marine-warning feed;"", ""canonical_source"": ""docs/canonical/appendix-c-formalisation.md C.2.0.5"", ""occurrences"": 1}]"
publications/active/ipsci-2026/submissions/v3-revision/manuscript-v3.md,The CAUTION Mode,377,claim,epistemic justification of CAUTION,"Only recommendations that are epistemically supportable under marginal environmental conditions are included in the *CAUTION* admissible set. *Go* and *Delay* require only a general assessment of whether current conditions are acceptable for departure. *DepartureTime* and *Duration*, on the other hand, assume future stable and predictable conditions: a departure window requires accurate short-term forecasting, whereas a trip duration estimate assumes stable sea state for the entire planning horizon. Once the system is in *CAUTION*, that predictive confidence is no longer available. The governance layer therefore withdraws tactical optimisation and preserves only coarse operational guidance: the conservative middle position between full advisory capability and complete AI disengagement.",Architecture policy versus evidence requires review against Appendix C.4,AMBIGUOUS,flagged,Epistemic support language needs classification; no material scientific-claim rewrite attempted.,CORRECTED — see exact replacements in edit-log.json,"[{""file"": ""publications/active/ipsci-2026/submissions/v3-revision/manuscript-v3.md"", ""before"": ""Only recommendations that are epistemically supportable under marginal environmental conditions are included in the *CAUTION* admissible set. *Go* and *Delay* require only a general assessment of whether current conditions are acceptable for departure. *DepartureTime* and *Duration*, on the other hand, assume future stable and predictable conditions: a departure window requires accurate short-term forecasting, whereas a trip duration estimate assumes stable sea state for the entire planning horizon. Once the system is in *CAUTION*, that predictive confidence is no longer available. The governance layer therefore withdraws tactical optimisation and preserves only coarse operational guidance: the conservative middle position between full advisory capability and complete AI disengagement."", ""after"": ""The CAUTION admissible set retains Go and Delay as a conservative policy motivated by the greater forecasting demands of DepartureTime and Duration. State classification does not itself measure predictive confidence or demonstrate that individual coarse recommendations are correct. The governance theorem bounds output types; it does not establish their empirical accuracy or prevent physical harm."", ""canonical_source"": ""docs/canonical/appendix-c-formalisation.md"", ""occurrences"": 1}]"
publications/active/ipsci-2026/submissions/v3-revision/manuscript-v3.md,Proposed Architecture,227,claim,standards-to-policy mapping,"The architecture is situated within established governance standards. The NIST AI Risk Management Framework [35] defines risk tiers for AI systems in safety-critical applications; the SAFE/CAUTION/UNSAFE classification operationalises that tiered approach at runtime, with UNSAFE mapping to the highest risk tier where AI participation is suspended and CAUTION to an intermediate tier where advisory scope is formally bounded. Graduated safety constraints are a precedent in safety engineering: IEC 61508 Safety Integrity Levels and ISO 26262 Automotive Safety Integrity Levels both impose progressively stricter design and verification requirements as risk increases, and the A_AI(S) contraction from SAFE to CAUTION mirrors this principle at the advisory scope level. Taken together, the architecture realises the deterministic guard principle of Bloomfield and Rushby [20] — surrounding the AI component with a formally specified, state-conditioned constraint — at the level of advisory scope rather than execution.",External standard support must be distinguished from architecture policy,AMBIGUOUS,flagged,Risk-tier mapping is unverified in this stopped audit; no external research begun.,CORRECTED — see exact replacements in edit-log.json,"[{""file"": ""publications/active/ipsci-2026/submissions/v3-revision/manuscript-v3.md"", ""before"": ""The architecture is situated within established governance standards. The NIST AI Risk Management Framework [35] defines risk tiers for AI systems in safety-critical applications; the SAFE/CAUTION/UNSAFE classification operationalises that tiered approach at runtime, with UNSAFE mapping to the highest risk tier where AI participation is suspended and CAUTION to an intermediate tier where advisory scope is formally bounded. Graduated safety constraints are a precedent in safety engineering: IEC 61508 Safety Integrity Levels and ISO 26262 Automotive Safety Integrity Levels both impose progressively stricter design and verification requirements as risk increases, and the A_AI(S) contraction from SAFE to CAUTION mirrors this principle at the advisory scope level. Taken together, the architecture realises the deterministic guard principle of Bloomfield and Rushby [20] — surrounding the AI component with a formally specified, state-conditioned constraint — at the level of advisory scope rather than execution."", ""after"": ""The NIST AI Risk Management Framework [35] [[notes]](../../../../../notes/Artificial%20Intelligence%20Risk%20Management%20Framework%20%28AI%20RMF%201.0%29.md) provides voluntary, use-case-agnostic guidance for managing AI risk. The SAFE/CAUTION/UNSAFE states and their advisory restrictions are this architecture’s policy choices, not NIST-defined risk tiers or a NIST requirement for AI abstention. The connection is an interpretive alignment with risk management, not a claim of standards compliance. The proposed governance pair provides a specific state-conditioned constraint on advisory scope."", ""canonical_source"": ""NIST AI 100-1 (2023), Executive Summary pp.2–3, §1.2.2; https://nvlpubs.nist.gov/nistpubs/ai/NIST.AI.100-1.pdf"", ""occurrences"": 1}]"
publications/active/journal-1/submissions/v1-initial-submission/manuscript.md,A Formally Verified Runtime AI Governance Architecture Based on Graduated Safety-State Gating,3,definition,Journal 1 current-status banner,"> **⚠️ SDR-001 APPLIED 2026-09-08 — active working manuscript.** `g_t` is the canonical solar-event classifier: **SAFE sunrise ≤ t < sunset, UNSAFE otherwise**, `g_t(⊥) = UNSAFE`, and it emits **no CAUTION**. The fixed clock 06:00 / 17:00 / 19:00 and its 17:00–19:00 CAUTION band are superseded. **""Daylight"" means sunrise ≤ t < sunset.** Canonical figures: Level 2 binds **5.81% / 4.48%**; prediction register **15 CONFIRMED / 9 REFUTED**. Earlier values (7.72% / 5.98%, 22/2, 5,416 / 70 / 6.2%) are provenance only. Submitted and archived versions are historical and are not edited. See `report-c8-migration-2026-09-08.md`.","C-8: 5.81% / 4.48%, 15/9, binary solar time",PASS,retained,Explicitly an active working manuscript despite v1-initial-submission path; later sections not certified aligned.,RETAINED — prior verified passage / historical status,[]
publications/active/journal-1/submissions/v1-initial-submission/manuscript.md,9. Prototype Implementation,576,number,Journal 1 prototype plan hysteresis,"- Hysteresis smoothing at state transition boundaries. ⚠️ **Present as a retained precaution, not a necessity.** Measured on five years of site data under the canonical specification: 26 oscillation events (5.2/yr), hysteresis reduces non-scheduled transitions by 10.36%. State the hourly-resolution bound. See `empirical-findings-2026-09-06.md` F-6",C-8: 26 in 5 yr; 10.36%,PASS,retained,"Current matched metrics; section is a plan, not an implementation claim.",RETAINED — prior verified passage / historical status,[]
publications/active/journal-1/submissions/v1-initial-submission/manuscript.md,12. Ablation Study,631,number,Journal 1 ablation plan transition metrics,"- Remove hysteresis smoothing — measures mode-chattering frequency. ⚠️ **Already run on historical replay (F-6), canonical specification: 3,661 transitions, the large majority scheduled solar events, 26 genuine oscillations in five years, 10.36% reduction from hysteresis.** This ablation reports a near-null result; write it up as such rather than re-running it as an open question","C-8: 3,661 / 26 / 10.36%",PASS,retained,Current matched figures; no replay needed.,RETAINED — prior verified passage / historical status,[]
docs/canonical/appendix-c-formalisation.md,Aggregation,417,number,canonical wind boundary,"| SAFE | w ≤ **21.6** knots | **MET Malaysia Category 1 onset — 40 km/h.** 40 ÷ 1.852 = 21.598 kn, expressed at the one-decimal resolution of the data. Corroborated by Rahim et al.: full fishing operations in the low-wind season | **Official — MET** |",21.6 kn SAFE upper boundary; 27.0 kn CAUTION upper boundary,PASS,retained,Authoritative formal table explicitly amends 22→21.6.,RETAINED — prior verified passage / historical status,[]
docs/canonical/architecture-illustration.md,5.2 Per-Parameter Classification,233,definition,supporting wind table,| **w** — Wind speed | < 22 knots (< 40 km/h) | 22–27 knots (40–50 km/h) | > 27 knots (> 50 km/h) |,docs/canonical/appendix-c-formalisation.md g_w table: 21.6 kn with canonical endpoint conventions,STALE,flagged,22-kn table is stale supporting prose. File explicitly defers formal definitions to Appendix C; preliminary SC-1 concern is not a confirmed unresolved canonical conflict.,CORRECTED — see exact replacements in edit-log.json,"[{""file"": ""docs/canonical/architecture-illustration.md"", ""before"": ""| **w** — Wind speed | < 22 knots (< 40 km/h) | 22–27 knots (40–50 km/h) | > 27 knots (> 50 km/h) |"", ""after"": ""| **w** — Wind speed | w ≤ 21.6 knots | 21.6 < w ≤ 27.0 knots | w > 27.0 knots |"", ""canonical_source"": ""docs/canonical/appendix-c-formalisation.md C.2; illustrative values"", ""occurrences"": 1}]"
docs/canonical/evaluation-design-rq4.md,4. Scenario set,103,definition,superseded scenario-design threshold,| w (wind speed) | < 22 kn (< 40 km/h) | 22–27 kn (40–50 km/h) | > 27 kn (> 50 km/h) |,Historical-labelled by document-opening SUPERSEDED banner,PASS,retained,Historical preservation applies. Initial suspicion of active SC-1 conflict withdrawn after banner check.,RETAINED — prior verified passage / historical status,[]
