artifact,authority_level,change_required,changed_in_batch4b1,change_type,reason,semantic_effect,deferred_to_batch4b2
docs/canonical/appendix-c-formalisation.md,canonical-primary,false,false,none,Safety Dominance proof (Theorem C.3) depends only on S. ComponentStateTrace does not modify E / rho / f / F / g_i / G / A_AI. No formal variable changed.,none,false
docs/canonical/architecture-illustration.md,canonical-secondary,true,true,bounded-interface-sync,Must accurately document Layer 2 → Layer 3 interface. Layer 3 box text and arrow updated; ComponentStateTrace paragraph added. No other section modified.,interface description updated; formal properties unchanged,false
publications/active/journal-1/layer3-prototype-specification.md,specification-primary,true,true,interface-contract-addition,§7 provision explicitly anticipates implementation-level additions. §7.1 ComponentStateTrace contract formally documented: fields / domains / exclusion / fault / UNSAFE / ordering / episode invariant / consistency invariant / safety dominance / human authority / future rule mappings / non-goals.,specification extended; no algorithm behaviour changed,false
publications/active/journal-1/algorithm-specification.md,specification-secondary,false,false,none,Algorithm 3 signature is (repository state) — no DecisionContext field enumeration. Algorithm 4 contract is rule-firing against DecisionContext; adding fields does not change stated algorithm contracts. NO_CHANGE_REQUIRED.,none,false
publications/active/journal-1/evaluation-specification.md,specification-secondary,false,false,none,F1/F2/F3 measure advisory types vs A_AI(S). ComponentStateTrace does not change A_AI or advisory type definitions. NO_CHANGE_REQUIRED.,none,false
governance/rule.py,implementation,false,false,none,Rule and ConditionPredicate dataclasses unchanged. ConditionPredicate already supports variable="component_o_state" — no schema change needed.,none,true
governance/rule_set_provider.py,implementation,true,false,interface-extension,DECISION_CONTEXT_SCHEMA must be updated to include component_*_state fields and their validation.,deferred to Batch 4B-2,true
governance/reasoning_episode.py,implementation,true,false,interface-extension,DecisionContext class must be extended with component_w_state / component_r_state / component_m_state / component_o_state / component_t_state fields.,deferred to Batch 4B-2,true
governance/canonical_rules.py,implementation,true,false,rule-addition,R-CAUTION-002/003/004 must be added using component state predicates once interface is live.,deferred to Batch 4B-2,true
