"manuscript_section","change","content_added_or_edited","verification_check","authority","scientific_effect"
"§7 Algorithms","placeholder replaced","publication-ready pseudocode summaries for A1–A4 (§§7.1–7.4) plus §7.5 Safety-Dominance Dependency four-link chain","canonical algorithm names; formal notation preserved (F_{D,tau}, rho_{D,tau}, RS(S), AI(E)); no g_v; rainfall two-input signature; g_t no CAUTION; sunrise/sunset half-open; RS(S) pre-reasoning; no post-hoc filter; bounded Safety Dominance wording; unconditional human authority","algorithm-specification.md §§11–24","adds pseudocode; no scientific state change"
"§8 Complexity Analysis","placeholder replaced","three-level framing (fixed / generalized / concrete); notation table; per-algorithm complexity table §8.1; end-to-end §8.2; per-decision vs replay §8.3; low-resource claim boundary §8.4","complexity notation matches §25; T_solar_lookup left symbolic; T_engine parameterised; engine term retained in T_episode; N clearly distinguished from per-decision complexity","algorithm-specification.md §§25–32","adds bounded complexity claims; no low-resource deployability inference"
"§9 Prototype Implementation","bullet repaired","'Implementation stack (low-resource constraints: offline-first, lightweight)' replaced with 'Planned implementation stack targets: offline-first operation; per-decision working memory bounded (see §8). Device-level performance suitability requires E5 evidence and is not claimed here'","'lightweight' removed; E5 boundary explicit","Batch 4 §16 low-resource claim boundary","repairs an unsupported claim without changing §9's status as unbuilt prototype description"
"§5 Formal model (unchanged)","audit only","no edit","f(E) shorthand vs F_{D,tau} operational form — §7.1 introduces the operational form explicitly; §5 retains the ideal shorthand where the mathematical model is defined, matching appendix-c C.2.0.1","algorithm-specification.md §3","no edit"
"§6 Formal proofs (unchanged)","audit only","no edit","Theorems 5.1 (Totality), 5.2 (Monotonicity), 5.3 (Safety Dominance) referenced by §7 pseudocode invariants","appendix-c C.1b, C.2, C.6, C.7.2","no edit"
"§10 Experimental design (unchanged)","audit only","no edit","F1–F3 remain deferred; H3 = X ms remains OPEN; E5 remains descriptive performance measurement","evaluation-specification.md §§7, 11","no edit"
"§11 Results (unchanged)","audit only","no edit","empirical figures (Delta_L2 = 5.81% PRIMARY / 4.48% RESOLUTION; C1 <-> C3 = 0.00%) unchanged","canonical_figures.py; empirical-findings-2026-09-06.md §0a","no edit"
"Naming audit","full manuscript sweep","no edit","confirmed: Algorithm 1 — Operational Safety Classification; Algorithm 2 — Governance Configuration; Algorithm 3 — Rule-Set Supply; Algorithm 4 — Governed Advisory Generation. No 'Safety Algorithm', 'Gating Algorithm', 'AI Safety Filter' or 'Decision Algorithm' introduced","Batch 4 §19","no drift"
"Low-resource wording sweep","full manuscript sweep","one repair (see §9 row above)","§8.4 states forbidden claims list; §9 bullet repaired; other low-resource mentions describe deployment challenges rather than assert suitability","Batch 4 §16","one repair; other mentions are context, not claims of suitability"
