id,registered,analysis,scope,metric,pred_type,pred_lo,pred_hi,pred_stated,rationale,actual,status,resolved,notes
P01,2026-09-06,replay,all hours,g_w activations (CAUTION + UNSAFE) on sustained wind,exact,0.0,0.0,0,Sustained wind 0-17.8 kn over 5y against thresholds 22/27. Locked as a regression check: if this ever becomes non-zero distrust the code before the finding.,2,REFUTED,2026-09-08,"| RE-RESOLVED 2026-09-08: REFUTED. Registered as a regression lock predicting EXACTLY 0 g_w activations, with the instruction 'if this ever becomes non-zero distrust the code before the finding'. It became non-zero for a third reason the lock did not anticipate: the THRESHOLD was wrong, not the code and not the finding. 2 activations under the corrected 21.6 kn boundary. The lock did its job - it surfaced the change - but its stated diagnosis was incomplete."
P02,2026-09-06,replay,all hours,superseded vessel-blind g_o UNSAFE activations,exact,0.0,0.0,0,Max observed wave 2.60 m against old UNSAFE threshold 3.5 m. Regression check.,0,CONFIRMED,2026-09-06,
P03,2026-09-06,replay,"daylight 06-17, small vessel",SAFE percentage under superseded model with g_v(small)=CAUTION floor,exact,0.0,0.0,0.0%,Constant CAUTION floor makes SAFE unreachable. Regression check on the analytical prediction.,0.0,CONFIRMED,2026-09-06,"[C-6 2026-09-08 — CANDIDATE ONLY, NOT APPLIED] Under the APPROVED MIGRATION CANDIDATE (SDR-001 Model B, not yet canonical) this prediction's actual would be 0.0000 -> CONFIRMED (status unchanged). The canonical actual and status above are UNCHANGED and remain authoritative until C-8 completes. Evidence: data/c6/prediction-reresolution.csv."
P04,2026-09-06,replay,"departure window 05-09, small vessel",Level 2 governance binding rate (S = CAUTION),range,12.0,12.8,12.4%,Already measured. Locked so re-runs detect drift from data or code changes.,12.4,CONFIRMED,2026-09-06,"[C-6 2026-09-08 — CANDIDATE ONLY, NOT APPLIED] Under the APPROVED MIGRATION CANDIDATE (SDR-001 Model B, not yet canonical) this prediction's actual would be 5.8128 -> REFUTED (STATUS FLIP); flip attributable to SDR-001: NO — already REFUTED under incumbent. The canonical actual and status above are UNCHANGED and remain authoritative until C-8 completes. Evidence: data/c6/prediction-reresolution.csv."
P05,2026-09-06,diagnostic,"daylight 06-17, small vessel",share of CAUTION hours where g_o is at the maximum,min,90.0,100.0,>90%,g_o(small) fires 6851 times vs g_r 250 and g_w 0. Expect g_o to account for the overwhelming majority of daylight CAUTION.,97.95,CONFIRMED,2026-09-06,"[C-6 2026-09-08 — CANDIDATE ONLY, NOT APPLIED] Under the APPROVED MIGRATION CANDIDATE (SDR-001 Model B, not yet canonical) this prediction's actual would be 98.5252 -> CONFIRMED (status unchanged). The canonical actual and status above are UNCHANGED and remain authoritative until C-8 completes. Evidence: data/c6/prediction-reresolution.csv."
P06,2026-09-06,diagnostic,"daylight 06-17, small vessel",share of non-SAFE hours where g_r is at the maximum,max,0.0,5.0,<5%,g_r fires 264 times total across 5 years (250 CAUTION + 14 UNSAFE).,1.76,CONFIRMED,2026-09-06,"[C-6 2026-09-08 — CANDIDATE ONLY, NOT APPLIED] Under the APPROVED MIGRATION CANDIDATE (SDR-001 Model B, not yet canonical) this prediction's actual would be 0.8263 -> CONFIRMED (status unchanged). The canonical actual and status above are UNCHANGED and remain authoritative until C-8 completes. Evidence: data/c6/prediction-reresolution.csv."
P07,2026-09-06,diagnostic,"all hours, small vessel",share of non-SAFE hours where g_t is at the maximum,min,70.0,100.0,>70%,Night is 11 of 24 hours; g_t already observed at 20097 UNSAFE activations.,87.58,CONFIRMED,2026-09-06,"[C-6 2026-09-08 — CANDIDATE ONLY, NOT APPLIED] Under the APPROVED MIGRATION CANDIDATE (SDR-001 Model B, not yet canonical) this prediction's actual would be 86.8236 -> CONFIRMED (status unchanged). The canonical actual and status above are UNCHANGED and remain authoritative until C-8 completes. Evidence: data/c6/prediction-reresolution.csv."
P08,2026-09-06,diagnostic,"departure window 05-09, small vessel",number of distinct functions ever observed at the maximum,max,2.0,4.0,<=4 (g_w never),g_w cannot bind (P01); g_m has no data so cannot bind. Effective classifier is g_o + g_r + g_t.,3.0,CONFIRMED,2026-09-06,"[C-6 2026-09-08 — CANDIDATE ONLY, NOT APPLIED] Under the APPROVED MIGRATION CANDIDATE (SDR-001 Model B, not yet canonical) this prediction's actual would be 3 -> CONFIRMED (status unchanged). The canonical actual and status above are UNCHANGED and remain authoritative until C-8 completes. Evidence: data/c6/prediction-reresolution.csv."
P09,2026-09-06,hysteresis,"all hours, small vessel",total state transitions (no hysteresis),range,5400.0,8000.0,5400-8000,g_t alone produces 3 scheduled transitions per day x 1827 days = 5481. Remainder from g_o and g_r.,5416.0,CONFIRMED,2026-09-06,"| RESTORED 2026-09-08: a re-run silently rescored this to 5220 under the amended rainfall/wind thresholds. P09 was registered against the v1 configuration and was CONFIRMED there. A later specification change must not retroactively rewrite a resolved verdict. [C-6 2026-09-08 — CANDIDATE ONLY, NOT APPLIED] Under the APPROVED MIGRATION CANDIDATE (SDR-001 Model B, not yet canonical) this prediction's actual would be 3661 -> REFUTED (STATUS FLIP); flip attributable to SDR-001: NO — already REFUTED under incumbent. The canonical actual and status above are UNCHANGED and remain authoritative until C-8 completes. Evidence: data/c6/prediction-reresolution.csv."
P10,2026-09-06,hysteresis,"all hours, small vessel",non-time-driven transitions (g_t unchanged across the transition),max,0.0,500.0,<500,Wave height changes on an hourly-to-multi-hour timescale; boundary crossings should be infrequent.,230.0,CONFIRMED,2026-09-06,"[C-6 2026-09-08 — CANDIDATE ONLY, NOT APPLIED] Under the APPROVED MIGRATION CANDIDATE (SDR-001 Model B, not yet canonical) this prediction's actual would be 222 -> CONFIRMED (status unchanged). The canonical actual and status above are UNCHANGED and remain authoritative until C-8 completes. Evidence: data/c6/prediction-reresolution.csv."
P11,2026-09-06,hysteresis,"all hours, small vessel","A->B->A oscillations within 3 hours, excluding time-driven",max,0.0,100.0,<100 (tens),Genuine chattering. Predicted rare because wave height is smooth at hourly resolution.,37.0,CONFIRMED,2026-09-06,"[C-6 2026-09-08 — CANDIDATE ONLY, NOT APPLIED] Under the APPROVED MIGRATION CANDIDATE (SDR-001 Model B, not yet canonical) this prediction's actual would be 26 -> CONFIRMED (status unchanged). The canonical actual and status above are UNCHANGED and remain authoritative until C-8 completes. Evidence: data/c6/prediction-reresolution.csv."
P12,2026-09-06,hysteresis,"all hours, small vessel",percentage reduction in non-time-driven transitions from dual-threshold hysteresis,range,5.0,40.0,5-40%,Benefit expected real but modest. Wide band because this is the least well-grounded prediction here.,7.83,CONFIRMED,2026-09-06,"[C-6 2026-09-08 — CANDIDATE ONLY, NOT APPLIED] Under the APPROVED MIGRATION CANDIDATE (SDR-001 Model B, not yet canonical) this prediction's actual would be 10.36 -> CONFIRMED (status unchanged). The canonical actual and status above are UNCHANGED and remain authoritative until C-8 completes. Evidence: data/c6/prediction-reresolution.csv."
P13,2026-09-06,hysteresis,interpretation,is mode-chattering a demonstrated deployment problem at this site?,exact,,,NO,Headline prediction: hysteresis is a precaution rather than a demonstrated necessity. Both papers currently assert mode-chattering as a deployment concern without evidence. If P10/P11 hold that claim needs softening.,"non-sched=230, osc=37",CONFIRMED,2026-09-06,"[C-6 2026-09-08 — CANDIDATE ONLY, NOT APPLIED] Under the APPROVED MIGRATION CANDIDATE (SDR-001 Model B, not yet canonical) this prediction's actual would be non-sched=222, osc=26 -> CONFIRMED (status unchanged). The canonical actual and status above are UNCHANGED and remain authoritative until C-8 completes. Evidence: data/c6/prediction-reresolution.csv."
P14,2026-09-06,diagnostic,interpretation,does the architecture reduce empirically to a vessel-conditional wave gate plus night curfew?,exact,,,YES,Follows from P05+P06+P07+P01. Framing consequence: a five-function classifier where two functions never bind and one is unmeasured. Predicted now so it cannot be explained away afterwards.,g_o 97.5% daylight CAUTION; g_t 88.2% all non-SAFE; g_w & g_m never bind,CONFIRMED,2026-09-06,"[C-6 2026-09-08 — CANDIDATE ONLY, NOT APPLIED] Under the APPROVED MIGRATION CANDIDATE (SDR-001 Model B, not yet canonical) this prediction's actual would be g_o 98.53% daylight CAUTION; g_t 86.82% all non-SAFE; g_w & g_m never bind -> CONFIRMED (status unchanged). The canonical actual and status above are UNCHANGED and remain authoritative until C-8 completes. Evidence: data/c6/prediction-reresolution.csv."
P15,2026-09-06,collect-v2,"all hours, sea grid cell",max sustained wind (kn) with cell_selection=sea,range,20.0,30.0,20-30 kn,"v1 land-cell max was 17.8 kn. Surface roughness over water is far lower than over land, so 10m wind should be materially higher. Typical uplift 20-40 pct.",21.8,CONFIRMED,2026-09-06,"mean uplift land->sea +57.3pct (3.13 -> 4.92 kn), larger than the 20-40pct predicted"
P16,2026-09-06,collect-v2,"all hours, sea grid cell",g_w activations (CAUTION+UNSAFE) with sea-cell wind,range,1.0,500.0,>0 but <500,"Expect sea-cell wind to cross 22 kn occasionally - enough to make g_w alive, not enough to dominate. If it stays at 0, F-1 is a real property of the site and Q1 is settled. If it exceeds 500, the v1 data was badly wrong.",2,CONFIRMED,2026-09-08,"RE-RESOLVED 2026-09-08: CONFIRMED. Originally recorded REFUTED (0 activations) against a g_w CAUTION boundary of 22 kn. That value was an UNDOCUMENTED ROUNDING of MET Cat 1 onset (40 km/h = 21.598 kn). Under the corrected 21.6 kn specification, sea-cell wind crosses the threshold TWICE in 43,848 hours (21.8 kn on 2021-01-17 06:00; 21.7 kn on 2024-04-30 23:00), which falls inside the registered band of >0 and <500. The prediction was right and the specification was wrong. IMPORTANT: g_w ACTIVATES twice but BINDS zero times - in both hours another component was already at higher severity (g_o=UNSAFE, then g_t=UNSAFE), so g_w never determined a classification. F-7's binding share of 0.00% is therefore correct and unchanged. The specification change was adopted on provenance grounds; that it reverses this prediction in the project's favour is not why it was adopted - the identical reasoning refuted P22 the same day."
P17,2026-09-06,collect-v2,"2021-10 to 2024-12, small vessel",MFWAM (8km) CAUTION rate vs ERA5-Ocean (50km) over same period,exact,,,MFWAM LOWER,8km resolves island sheltering (Tunku Abdul Rahman group) that a 50km cell averages away. Boats operate inside that shelter. DIRECTIONAL PREDICTION - if MFWAM comes in HIGHER the nearshore-sheltering reasoning in F-12 is wrong and the direction-of-error argument must be revisited.,8.01,CONFIRMED,2026-09-06,"ERA5 16.4pct vs MFWAM 11.3pct CAUTION. Models correlate r=0.953 on 28501 valid pairs; MFWAM mean 8.5pct lower and max much lower (1.84 vs 2.60 m). MFWAM never reaches small-vessel UNSAFE (1.9 m). [C-6 2026-09-08 — CANDIDATE ONLY, NOT APPLIED] Under the APPROVED MIGRATION CANDIDATE (SDR-001 Model B, not yet canonical) this prediction's actual would be MFWAM 3.89% vs ERA5 5.05% -> CONFIRMED (status unchanged). The canonical actual and status above are UNCHANGED and remain authoritative until C-8 completes. Evidence: data/c6/prediction-reresolution.csv."
P18,2026-09-06,collect-v2,"departure window 05-09, small vessel",Level 2 binding rate under MFWAM wave data,range,8.0,12.0,8-12% (down from 12.4%),"Follows from P17. If the headline figure is resolution-sensitive this quantifies by how much, which is otherwise an open flank for a reviewer.",8.32,CONFIRMED,2026-09-06,"12.4pct -> 8.3pct, a 33pct relative reduction. Note the sea-cell wind fix alone changed nothing (12.4pct unchanged) because g_w never fires either way. | RESTORED 2026-09-08: a re-run silently rescored this to 5.98. P18 was registered against MFWAM at the 1.9 m wave threshold and was CONFIRMED there, as its own note already states. Restored to its registration config. [C-6 2026-09-08 — CANDIDATE ONLY, NOT APPLIED] Under the APPROVED MIGRATION CANDIDATE (SDR-001 Model B, not yet canonical) this prediction's actual would be 4.4819 -> REFUTED (STATUS FLIP); flip attributable to SDR-001: NO — already REFUTED under incumbent. The canonical actual and status above are UNCHANGED and remain authoritative until C-8 completes. Evidence: data/c6/prediction-reresolution.csv."
P19,2026-09-06,threshold-amendment,"departure window 05-09, small vessel, MFWAM",Level 2 binding rate after UNSAFE 1.9 -> 1.25 m,range,6.0,6.2,6.1%,Locked as regression check. Amendment adopted on provenance grounds (Yaakob operational ceiling vs failure point) despite producing a SMALLER headline than 8.3 pct.,6.1,CONFIRMED,2026-09-06,"Supersedes P18 (8.32 pct) as the reportable figure. P18 remains valid for the 1.9 m threshold it was registered against. [C-6 2026-09-08 — CANDIDATE ONLY, NOT APPLIED] Under the APPROVED MIGRATION CANDIDATE (SDR-001 Model B, not yet canonical) this prediction's actual would be 4.4819 -> REFUTED (STATUS FLIP); flip attributable to SDR-001: NO — already REFUTED under incumbent. The canonical actual and status above are UNCHANGED and remain authoritative until C-8 completes. Evidence: data/c6/prediction-reresolution.csv."
P20,2026-09-06,threshold-amendment,"daylight 06-17, small vessel, MFWAM",daylight UNSAFE hours after amendment,range,400.0,420.0,409 hrs (3.1%),Was 3 hours (0.02 pct) at 1.9 m. Amendment makes UNSAFE reachable by sea state rather than only by darkness.,409.0,CONFIRMED,2026-09-06,"Weather-driven share of all UNSAFE hours rises 0.1 pct -> 7.0 pct. Resolves the UNSAFE-is-just-a-night-curfew problem. [C-6 2026-09-08 — CANDIDATE ONLY, NOT APPLIED] Under the APPROVED MIGRATION CANDIDATE (SDR-001 Model B, not yet canonical) this prediction's actual would be 1529 -> REFUTED (STATUS FLIP); flip attributable to SDR-001: YES — flip caused by the g_t design change. The canonical actual and status above are UNCHANGED and remain authoritative until C-8 completes. Evidence: data/c6/prediction-reresolution.csv."
P21,2026-09-06,condition-comparison,"all hours, small vessel, MFWAM",hours where C3 (Flehmig-style) admissible set differs from C1 (binary-gated),exact,0.0,0.0,0,"ANALYTICAL PREDICTION. Flehmig's traffic-light keeps AI scope FULL at the intermediate level (orange) and withdraws AI only at red. Mapped onto environmental state that is G=1 with full A_AI at SAFE and CAUTION, empty at UNSAFE - identical to a binary gate. If this is non-zero my reading of Flehmig is wrong and the novelty claim needs re-examining.",0.0,CONFIRMED,2026-09-06,"[Registered against the MFWAM 3.25yr config. On 2026-09-06 reporting moved to dual-config (option C): ERA5-sea 5yr PRIMARY + MFWAM RESOLUTION. This prediction remains scored on MFWAM - a later reporting decision must not retroactively refute a prediction that was correct for what it claimed.] [C-6 2026-09-08 — CANDIDATE ONLY, NOT APPLIED] Under the APPROVED MIGRATION CANDIDATE (SDR-001 Model B, not yet canonical) this prediction's actual would be 0.0000 -> CONFIRMED (status unchanged). The canonical actual and status above are UNCHANGED and remain authoritative until C-8 completes. Evidence: data/c6/prediction-reresolution.csv."
P22,2026-09-06,condition-comparison,"departure window 05-09, small vessel, MFWAM",hours where C2 (proposed) admissible set differs from C1 (binary-gated),range,6.0,6.2,6.1%,C1 and C2 agree at SAFE (both full) and at UNSAFE (both empty). They can differ ONLY at CAUTION. Divergence must therefore equal the CAUTION rate exactly. Regression check that the comparison harness is wired correctly.,5.98,REFUTED,2026-09-06,"[Registered against the MFWAM 3.25yr config. On 2026-09-06 reporting moved to dual-config (option C): ERA5-sea 5yr PRIMARY + MFWAM RESOLUTION. This prediction remains scored on MFWAM - a later reporting decision must not retroactively refute a prediction that was correct for what it claimed.] | REFUTED 2026-09-08 by the MET rainfall amendment (g_r CAUTION 7.5 -> 10.0 mm/hr). Actual 5.98 vs registered band 6.0-6.2. IMPORTANT: the STRUCTURAL claim held exactly — C1/C2 divergence still equals the CAUTION rate to 2 d.p., which is what this prediction was for. What failed is the numeric band, which was tied to a rainfall threshold that has since been replaced on provenance grounds. This is a SPECIFICATION change, not a code error and not a data change, so unlike P21/P23/P24 it is NOT rescored against its registration config. Recorded as refuted rather than superseded: the register exists to show when a stated expectation stopped holding, and softening the label would defeat that. [C-6 2026-09-08 — CANDIDATE ONLY, NOT APPLIED] Under the APPROVED MIGRATION CANDIDATE (SDR-001 Model B, not yet canonical) this prediction's actual would be 4.4819 -> REFUTED (status unchanged). The canonical actual and status above are UNCHANGED and remain authoritative until C-8 completes. Evidence: data/c6/prediction-reresolution.csv."
P23,2026-09-06,condition-comparison,"departure window 05-09, small vessel, MFWAM",hours where C0 (ungated) differs from C2 (proposed),range,20.0,30.0,20-30%,"C0 emits the full set always. Diverges from C2 at both CAUTION and UNSAFE. Hour 05 is outside daylight so g_t forces UNSAFE for 1 of the 5 window hours = 20 pct floor, plus the 6.1 pct CAUTION share.",28.19,CONFIRMED,2026-09-06,"[Registered against the MFWAM 3.25yr config. On 2026-09-06 reporting moved to dual-config (option C): ERA5-sea 5yr PRIMARY + MFWAM RESOLUTION. This prediction remains scored on MFWAM - a later reporting decision must not retroactively refute a prediction that was correct for what it claimed.] [C-6 2026-09-08 — CANDIDATE ONLY, NOT APPLIED] Under the APPROVED MIGRATION CANDIDATE (SDR-001 Model B, not yet canonical) this prediction's actual would be 45.5602 -> REFUTED (STATUS FLIP); flip attributable to SDR-001: YES — flip caused by the g_t design change. The canonical actual and status above are UNCHANGED and remain authoritative until C-8 completes. Evidence: data/c6/prediction-reresolution.csv."
P24,2026-09-06,condition-comparison,"departure window 05-09, small vessel, MFWAM",hours where C0 (ungated) differs from C1 (binary-gated),range,14.0,24.0,14-24%,C0 vs C1 diverge only at UNSAFE. Should equal P23 minus the CAUTION rate. The gap between P23 and P24 IS the Level 2 contribution isolated.,22.21,CONFIRMED,2026-09-06,"[Registered against the MFWAM 3.25yr config. On 2026-09-06 reporting moved to dual-config (option C): ERA5-sea 5yr PRIMARY + MFWAM RESOLUTION. This prediction remains scored on MFWAM - a later reporting decision must not retroactively refute a prediction that was correct for what it claimed.] [C-6 2026-09-08 — CANDIDATE ONLY, NOT APPLIED] Under the APPROVED MIGRATION CANDIDATE (SDR-001 Model B, not yet canonical) this prediction's actual would be 41.0783 -> REFUTED (STATUS FLIP); flip attributable to SDR-001: YES — flip caused by the g_t design change. The canonical actual and status above are UNCHANGED and remain authoritative until C-8 completes. Evidence: data/c6/prediction-reresolution.csv."
